<materials>
	<!-- TILESETS -->
	<tileset name="Borders">
		<terrain>
			<item fromid="110" toid="279"/>
			<item fromid="281" toid="292"/>
			<item fromid="295" toid="350"/>
			<item fromid="393" toid="404"/>
			<item fromid="494" toid="597"/>
			<item fromid="606" toid="617"/>
			<item fromid="630" toid="707"/>
			<item fromid="712" toid="723"/>
			<item fromid="725" toid="776"/>
			<item fromid="792" toid="872"/>
			<item fromid="879" toid="902"/>
			<item fromid="434" toid="445"/>
		</terrain>
	</tileset>
	<tileset name="Grounds">
		<raw>
			<item id="100"/>
			<item id="101"/>
			<item id="102"/>
			<item id="103"/>
			<item id="104"/>
			<item id="105"/>
			<item id="106"/>
			<item id="107"/>
			<item id="108"/>
			<item id="109"/>
			<item id="231"/>
			<item id="280"/>
			<item id="351"/>
			<item id="352"/>
			<item id="353"/>
			<item id="354"/>
			<item id="355"/>
			<item id="368"/>
			<item id="405"/>
			<item id="406"/>
			<item id="407"/>
			<item id="412"/>
			<item id="413"/>
			<item id="414"/>
			<item id="415"/>
			<item id="419"/>
			<item id="420"/>
			<item id="424"/>
			<item id="431"/>
			<item id="448"/>
			<item id="449"/>
			<item id="450"/>
			<item id="457"/>
			<item id="458"/>
			<item id="460"/>
			<item id="459"/>
			<item id="490"/>
			<item id="493"/>
			<item id="598"/>
			<item id="602"/>
			<item id="670"/>
			<item id="671"/>
			<item id="708"/>
			<item id="724"/>
			<item id="777"/>
			<item id="790"/>
			<item id="791"/>
			<item id="804"/>
			<item id="806"/>
			<item id="836"/>
			<item id="918"/>
			<item id="920"/>
			<item id="926"/>
			<item id="927"/>
			<item id="929"/>
			<item id="936"/>
			<item id="937"/>
			<item id="939"/>
			<item id="946"/>
			<item id="947"/>
			<item id="948"/>
			<item id="956"/>
			<item id="957"/>
			<item id="958"/>
			<item id="965"/>
			<item id="966"/>
			<item id="1284"/>
			<item id="1509"/>
			<item id="194"/>
			<item id="464"/>
			<item id="466"/>
		</raw>
	</tileset>
	
	<tileset name="Nature">
		<terrain>
			<brush name="mountain"/>
			<brush name="sea"/>
			<brush item="3311"/>
			<brush name="grass"/>
			<brush name="grass open stone pile"/>
			<brush name="grass closed stone pile"/>
			<brush name="grass pitfall"/>
			<brush name="dry earth"/>
			<brush name="sand"/>
			<brush name="sand open stone pile"/>
			<brush name="sand closed stone pile"/>
			<brush name="sand scarab hole"/>
			<brush name="swamp"/>
			<brush name="light dirt"/>
			<brush name="dirt"/>
			<brush name="tar pit"/>
			<brush name="white gravel"/>
			<brush name="mountain ground"/>
			<item fromid="107"/>
			<brush name="snow"/>
			<brush name="ice"/>
			<brush name="ice open stone pile"/>
			<brush name="ice closed stone pile"/>
			<brush name="hole in the ice"/>
			<item id="486"/>
		</terrain>
		<doodad>
			<brush name="mossy wall"/>
			<brush name="green fungi"/>
			<brush name="green trees"/>
			<brush name="dead trees"/>
			<brush name="trees"/>
			<brush name="bushes"/>
			<brush name="blueberry bushes"/>
			<brush name="dead bushes"/>
			<brush name="swamp plants"/>
			<brush name="flowers"/>
			<brush name="royal flowers"/>
			<brush name="sunflowers"/>
			<brush name="lilypads"/>
			<brush name="roses"/>
			<brush name="tall jungle grass"/>
			<item id="2785"/>
			<brush name="gray rocks"/>
			<brush name="brown rocks"/>
			<brush name="big stone 1"/>
			<brush name="big stone 2"/>
			<brush name="big stone 3"/>
			<brush name="tall stone"/>
			<brush name="tall stone fallen"/>
			<item fromid="1353" toid="1355"/>
			<brush name="staglamites"/>
			<item fromid="388" toid="389"/>
			<brush name="gray rubble"/>
			<brush name="brown rubble"/>
			<brush name="rough gray rubble"/>
			<brush name="rough brown rubble"/>
			<brush name="dead trees"/>
			<brush name="rush wood"/>			
			<brush name="snowy trees"/>
		</doodad>
		<raw>
			<item fromid="386" toid="391"/>
			<item fromid="1499"/>
			<item fromid="1285" toid="1359"/>
			<item fromid="2697" toid="2786"/>
			<item fromid="2569" toid="2574"/>
			<item fromid="2798" toid="2805"/>
		</raw>
	</tileset>
	
	<tileset name="Cave">
		<terrain>
			<brush name="earth"/>
			<item fromid="368"/>
			<brush name="cave"/>
			<brush name="cave hole"/>
			<brush name="cave ropespot"/>
			<brush name="cave small hole"/>
			<brush name="cave pickhole"/>
			<brush name="clear water"/>
			<brush name="lava"/>
			<brush name="void"/>
		</terrain>
		<raw>
			<item fromid="101"/>
			<item fromid="351" toid="355"/>
			
			<item fromid="384"/>
			<item fromid="383"/>
			<item fromid="385"/>
			<item fromid="392"/>
		</raw>
	</tileset>
	
	<tileset name="Town">
		<terrain>
			<brush name="stone floor"/>
			<brush name="cobblestone"/>
			<brush name="grassy cobblestone"/>
			<brush name="lawn"/>
			<brush name="wooden floor"/>
			<brush name="beige floor"/>
			<brush name="drawbridge"/>
			<brush name="time tiles"/>
			<brush name="drab tiled stone floor"/>
			<brush name="dark tiled sandstone"/>
			<brush name="tiled sandstone floor"/>
			<brush name="tiled sandstone floor pressed"/>
			<brush name="tiled sandstone floor depressed"/>
			<brush name="light tiled stone floor"/>
			<brush name="dark tiled stone floor"/>
			<brush name="orange tiled floor"/>
			<brush name="dark sandstone"/>
			<brush name="sandstone"/>
			<brush name="white marble floor"/>
			<brush name="black marble floor"/>
			<brush name="gray stone tiles"/>
			<brush name="gray stone tiles pressed"/>
			<brush name="gray stone tiles depressed"/>
			<!-- <brush name="wooden raft"/> -->
			<brush name="store counter"/>
			<brush name="plaster wall"/>
			<brush name="plaster wall arch"/>
			<brush name="brick wall"/>
			<brush name="brick wall arch"/>
			<brush name="stone wall"/>
			<brush name="rock wall"/>
			<brush name="rock wall arch"/>
			<brush name="egypt wall"/>
			<brush name="egypt stone wall"/>
			<brush name="pyramid ramp"/>
			
			<brush name="fence"/>
			<brush name="dark fence"/>
			<!-- This does not work 'perfectly yet
			<brush name="steel bars"/>
			<brush name="steel rebar"/>
			-->
			<brush name="flat roof"/>		
			<brush name="brick roof, left"/>
			<brush name="brick roof, vertical"/>
			<brush name="brick roof, right"/>
			<brush name="brick roof, up"/>
			<brush name="brick roof, horizontal"/>
			<brush name="brick roof, down"/>
			<brush name="wooden roof, up"/>
			<brush name="wooden roof, horizontal"/>
			<brush name="wooden roof, down"/>
			<brush name="wooden roof, left"/>
			<brush name="wooden roof, vertical"/>
			<brush name="wooden roof, right"/>
			<brush name="sewer grate"/>
		</terrain>
	</tileset>
	
	<tileset name="Stairs">
		<doodad>
			<brush name="wooden ladder hole"/>
			<brush name="wooden trapdoor"/>
			<brush name="stairs down"/>
			<brush name="trapdoor down"/>
			<brush name="trapdoor ladder down"/>
			<brush name="trapdoor ladder down"/>
			<item fromid="1385" toid="1386"/>
			<item fromid="1396"/>
			<item fromid="432" toid="433"/>
			<brush name="ramp"/>
		</doodad>
	</tileset>
	
	<tileset name="Boats">
		<raw>
			<item fromid="1277" toid="1284"/>
		</raw>
	</tileset>

	<tileset name="Fields">
		<doodad>
		</doodad>
	</tileset>
	
	<tileset name="Sea">
		<raw>
			<item fromid="2226"/>
			<item fromid="2240"/>
		</raw>
	</tileset>
	
	<tileset name="Hangables">
		<doodad>
			<brush name="blackboard"/>
			<brush name="writeable blackboard"/>
			<brush name="royal tapestry"/>
			<item id="1877"/>
			<item id="1881"/>
			<item id="1845"/>
			<item id="1848"/>
			<item id="1851"/>
			<item id="1852"/>
			<item id="1853"/>
			<item id="1854"/>
			<item id="1857"/>
			<item id="1860"/>
			<item id="1863"/>
			<item id="1866"/>
			<item id="1869"/>
			<item id="1872"/>
			<item id="1880"/>
		</doodad>
	</tileset>
	
	<tileset name="Interior">
		<doodad>
			<brush name="small drawer"/>
			<brush name="flashy drawer"/>
			<brush name="pendulum clock"/>
			<brush name="normal wardrobe"/>
			<brush name="tall locker"/>
			<brush name="mirror stand"/>
			<brush name="wooden counter"/>
			<brush name="store counter"/>
			<brush name="big brown table, horizontal"/>
			<brush name="big brown table, vertical"/>
			<brush name="bookcase"/>
			<item id="1738"/>
			<item id="1739"/>
			<brush name="wooden chest"/>
			<item id="1741"/>
			<item id="1746"/>
			<brush name="large trunk"/>
			<brush name="large cask"/>
			<item id="1770"/>
			<item id="1771"/>
			<item id="1772"/>
			<item id="1773"/>
			<item id="1774"/>
			<item id="1775"/>
			<item id="1777"/>
			<item id="2034"/>
			<brush name="oven - on"/>
			<brush name="oven - off"/>
			<brush name="decorative altar"/>
			<brush name="stone altar"/>
			<item id="2593"/>
			-- flowers --
			<item fromid="2100" toid="2107"/>
			-- instruments --
			<brush name="piano"/>
			<brush name="harp"/>
			-- beds --
			<brush name="normal bed"/>
			<brush name="normal bed with sleeper"/>
			<brush name="cot"/>
			<brush name="cot with sleeper"/>

			-- tables --
			<item id="1614"/>
			<item id="1615"/>
			<item id="1616"/>
			<item id="1619"/>
			-- chairs --
			<brush name="wooden chair"/>
			<brush name="rocking chair"/>
			<brush name="red cushioned chair"/>
			<brush name="green cushioned chair"/>
			<brush name="sofa chair"/>
			<brush name="green sofa"/>
			<brush name="redwhite sofa"/>
			<brush name="gilded throne"/>
			<brush name="dull throne"/>

			-- carpets --
		</doodad>
		<raw>
			<item fromid="1602" toid="1808"/>
			<item fromid="2034"/>
			<item fromid="2064" toid="2065"/>
			<item fromid="2070" toid="2079"/>
			<item fromid="2108" toid="2119"/>
			<item fromid="2080" toid="2085"/>
			<item fromid="2093" toid="2099"/>
			<item fromid="1947" toid="1986"/>
			<item fromid="2100" toid="2107"/>
			<item fromid="2180"/>
			<item fromid="2192"/>
			<item fromid="2556" toid="2577"/>
			<item fromid="2581" toid="2588"/>
			<item fromid="2589" toid="2592"/>
			<item fromid="2594"/>
			<item fromid="2606" toid="2609"/>
			<item fromid="2614" toid="2615"/>
		</raw>
	</tileset>

	<tileset name="Light">
		<doodad>
			<item fromid="1479" toid="1480"/>
			<brush name="wall lamp"/>
			<brush name="wall lamp - lit"/>
			<brush name="wall torch"/>
			<brush name="wooden wall lamp"/>
			<brush name="wooden wall lamps"/>
			<brush name="wall torch - lit"/>
			<item fromid="1481" toid="1486"/>
			<item fromid="2064" toid="2065"/>
			<item fromid="2044" toid="2045"/>
		</doodad>
	</tileset>
	<tileset name="Statues">
		<doodad>
			<item fromid="1444" toid="1445"/>
			<item fromid="1448" toid="1449"/>
			<brush name="knight statue"/>
			<brush name="minotaur statue"/>
			<brush name="goblin statue"/>
			<brush name="gargoyle statue"/>
			<brush name="gargoyle statue pedestal"/>
			<brush name="cobra statue"/>
			<brush name="cobra statue pedestal"/>
			<item fromid="1450" toid="1451"/>
		</doodad>
	</tileset>
	
	<tileset name="Exterior">
		<doodad>			
			-- creepy --
			<brush name="wooden coffin"/>
			<brush name="stone coffin (no rose)"/>
			<brush name="stone coffin (yellow rose)"/>
			<brush name="stone coffin (blue rose)"/>
			<brush name="stone coffin (red rose)"/>
			<brush name="buried stone coffin"/>
			<brush name="sarcophagus"/>
			<item fromid="1406" toid="1409"/>			
			-- Campfires --
			<item fromid="1421" toid="1428"/>
			
			-- fountains --	
			<brush name="marble fountain - on"/>
			<brush name="marble fountain - off"/>
			<item id="1378"/>
			<brush name="normal fountain - on"/>
			<brush name="normal fountain - off"/>
			
			-- flags --
			<brush name="dragon flag"/>
			<brush name="castle flag"/>
			<brush name="tibia flag"/>
			<brush name="millstone"/>
			<brush name="millwheel"/>
			<brush name="well"/>
			<brush name="bench"/>
			-- signs --
			<item fromid="1429" toid="1434"/>
			<item fromid="1438" toid="1439"/>	
		</doodad>
		<raw>
			<item fromid="486"/>
			<item fromid="1280" toid="1283"/>
			<item fromid="1360" toid="1385"/>
			<item fromid="1406" toid="1420"/>
			<item fromid="1421" toid="1428"/>
			<item fromid="1429" toid="1486"/>
			<item fromid="2219" toid="2259"/>
			<item fromid="2334"/>
			<item fromid="2555"/>
			<item fromid="2593"/>
			<item fromid="2601" toid="2605"/>
			<item fromid="2610" toid="2613"/>
			<item fromid="2616" toid="2623"/>
		</raw>
	</tileset>

	<tileset name="Splash">
		<doodad>
			<item id="2016"/>
			<item id="2017"/>
			<item id="2018"/>
			<item id="2019"/>
			<item id="2020"/>
			<item id="2021"/>
			<item id="1903"/>
			<item id="1904"/>
			<item id="1905"/>
		</doodad>
		<raw>
			<item id="2016"/>
			<item id="2017"/>
			<item id="2018"/>
			<item id="2019"/>
			<item id="2020"/>
			<item id="2021"/>
			<item id="1903"/>
			<item id="1904"/>
			<item id="1905"/>
		</raw>
	</tileset>

	<tileset name="Equipment">
		<items>
			-- Helmets --
			<item fromid="2128"/>
			<item fromid="2342" toid="2343"/>
			<item fromid="2457" toid="2462"/>
			<item fromid="2471"/>
			<item fromid="2473" toid="2475"/>
			<item fromid="2479" toid="2482"/>
			<item fromid="2490" toid="2491"/>
			<item fromid="2493"/>
			<item fromid="2496" toid="2499"/>
			<item fromid="2501" toid="2502"/>
			<item fromid="2506"/>
			<item fromid="2323"/>
			<item fromid="2662" toid="2663"/>
			<item fromid="2665"/>

			-- Armor --
	        <item fromid="2463" toid="2467"/>
	        <item fromid="2472"/>
			<item fromid="2476"/>
			<item fromid="2483" toid="2487"/>
			<item fromid="2489"/>
			<item fromid="2492"/>
			<item fromid="2494"/>
			<item fromid="2500"/>
			<item fromid="2503"/>
			<item fromid="2505"/>
			<item fromid="2508"/>
			<item fromid="2650" toid="2660"/>
			<item fromid="2664"/>
			-- Legs --
			<item fromid="2468" toid="2470"/>
			<item fromid="2477" toid="2478"/>
			<item fromid="2488"/>
			<item fromid="2495"/>
			<item fromid="2504"/>
			<item fromid="2507"/>
			<item fromid="2647" toid="2649"/>
			-- Boots --
			<item fromid="2195"/>
			<item fromid="2358"/>
			<item fromid="2640" toid="2646"/>
		</items>
	</tileset>
	
	<tileset name="Ornaments">
		<items>
			-- Amulets --
			<item fromid="2661"/>
			<item fromid="2161"/>
			<item fromid="2170"/>
			<item fromid="2171"/>
			<item fromid="2172"/>
			<item fromid="2173"/>
			<item fromid="2174"/>
			<item fromid="2196" toid="2201"/>
			<item fromid="2218"/>
			<item fromid="2125"/>
			<item fromid="2126"/>
			<item fromid="2129"/>
			<item fromid="2130"/>
			<item fromid="2131"/>
			<item fromid="2132"/>
			<item fromid="2133"/>
			<item fromid="2135"/>
			<item fromid="2136"/>
			<item fromid="2138"/>
			<item fromid="2142"/>
			-- Rings --
			<item fromid="2207" toid="2209"/>
			<item fromid="2213"/>
			<item fromid="2214"/>
			<item fromid="2121"/>
			<item fromid="2122"/>
			<item fromid="2123"/>
			<item fromid="2124"/>
			<item fromid="2127"/>
		</items>
	</tileset>
	
	<tileset name="Tools">
		<items>
			<item fromid="2548" toid="2580"/>
		</items>
	</tileset>

	<tileset name="Weapons">
		<items>
			-- Swords --
			<item fromid="2376" toid="2377"/>
			<item fromid="2379"/>
			<item fromid="2383" toid="2385"/>
			<item fromid="2390"/>
			<item fromid="2392" toid="2393"/>
			<item fromid="2395" toid="2397"/>
			<item fromid="2400"/>
			<item fromid="2402" toid="2409"/>
			<item fromid="2411" toid="2413"/>
			<item fromid="2418" toid="2420"/>
			<item fromid="2442"/>
			<item fromid="2438"/>
			<item fromid="2446"/>
			<item fromid="2450" toid="2451"/>
			-- Maces --
			<item fromid="2382"/>
			<item fromid="2391"/>
			<item fromid="2394"/>
			<item fromid="2398"/>
			<item fromid="2401"/>
			<item fromid="2416" toid="2417"/>
			<item fromid="2321"/>
			<item fromid="2421" toid="2424"/>
			<item fromid="2434"/>
			<item fromid="2436" toid="2437"/>
			<item fromid="2439"/>
			<item fromid="2444" toid="2445"/>
			<item fromid="2448" toid="2449"/>
			<item fromid="2452" toid="2453"/>
			-- Axes --
			<item fromid="2378"/>
			<item fromid="2380" toid="2381"/>
			<item fromid="2386" toid="2388"/>
			<item fromid="2414" toid="2415"/>
			<item fromid="2425" toid="2432"/>
			<item fromid="2435"/>
			<item fromid="2440" toid="2441"/>
			<item fromid="2443"/>
			<item fromid="2447"/>
			<item fromid="2454"/>
			-- Distance --
			<item fromid="2389"/>
			<item fromid="2455" toid="2456"/>
			<item fromid="2352"/>
			<item fromid="2410"/>
			-- Ammo --
			<item fromid="2543" toid="2547"/>
			<item fromid="2399"/>
			-- Magic --
			<item fromid="2181" toid="2186"/>
			<item fromid="2187" toid="2191"/>
		</items>
	</tileset>
	
	<tileset name="Shields">
		<items>
			<item fromid="2509" toid="2542"/>
		</items>
	</tileset>
	
	<tileset name="Trinkets">
		<items>
			-- Some random stuff --
			<item id="2036"/> -- Watch (Also ID 6091, 6092, but those are useless?) --
			-- Trinkets --
			<item fromid="2176" toid="2178"/>
			<item id="2344"/>
			<item id="2345"/>
			<item id="2346"/>
			<item fromid="2353" toid="23"/>
			<item id="2600"/>
			<item id="2193"/>
			<item id="2194"/>
			<item id="2218"/>
			<item id="2356"/>
			<item id="2359"/>
			<item id="2137"/>
			<item id="2600"/>
			-- Instruments --
			<item id="2364"/>
			<item id="2368"/>
			<item id="2369"/>
			<item id="2370"/>
			<item id="2371"/>
			<item id="2372"/>
			<item id="2373"/>
			<item id="2374"/>
			<item id="2375"/>
			-- Lights --
			<item id="2041" toid="2049"/>
			<item id="2051"/>
			<item id="2050"/>
			<item id="2053"/>
			<item id="2052"/>
			<item id="2055"/>
			<item id="2054"/>
			<item id="2056"/>
			<item id="2062"/>
			<item id="2062"/>
			<item id="2063"/>
			
			<item fromid="2366" toid="2375"/>
			<item fromid="2597" toid="2598"/>
			<item id="2599"/>
			<item id="2175"/>
			<item fromid="2193" toid="2194"/>
			<item fromid="2217" toid="2218"/>
			<item id="2356"/>
			<item id="2359"/>
			<item id="2137"/>
			<item fromid="2032" toid="2033"/>
			-- Fluid containers --
			<item fromid="2005" toid="2015"/>
			<item id="2023"/>
			<item id="2031"/>
			<item id="2033"/>
			<item id="2035"/>

			-- Food related --
			<item id="2033"/>
			-- Keys --
			<item fromid="2086" toid="2092"/>
			-- Game pieces --
			<item id="2625"/>
			<item fromid="2626" toid="2631"/>
			<item id="2624"/>
			<item fromid="2632" toid="2637"/>
			<item id="2638"/>
			<item id="2639"/>
		</items>
	</tileset>
	
	<tileset name="Collectables">
		<items>
		</items>
	</tileset>
	
	<tileset name="Magic Fields">
		<doodad>
			<brush name="fire field (not decaying)"/>
			<brush name="poison field (not decaying)"/>
			<brush name="energy field (not decaying)"/>
			<brush name="fire field (decaying)"/>
			<brush name="poison field (decaying)"/>
			<brush name="energy field (decaying)"/>
			<brush name="magic wall (not decaying)"/>
			<brush name="magic wall (decaying)"/>
			<brush name="wild growth (decaying)"/>
			<brush name="yellow fire field (decaying)"/>
			<brush name="poison gas (decaying)"/>
			<brush name="yellow energy field (decaying)"/>
			<brush name="smoke field (not decaying)"/>
			<brush name="searing fire field (decaying)"/>
		</doodad>
	</tileset>
	
	<tileset name="Containers">
		<items>
	        <item fromid="1987" toid="1989"/>
	        <item fromid="1990" toid="2004"/>
	        <item fromid="2365"/>
	        <item fromid="2330" toid="2331"/>
	        <item fromid="2595" toid="2596"/>
		</items>
		<raw>
	        <item fromid="1987" toid="1989"/>
	        <item fromid="1990" toid="2004"/>
	        <item fromid="2365"/>
	        <item fromid="2330" toid="2331"/>
	        <item fromid="2595" toid="2596"/>
		</raw>
	</tileset>
	
	<tileset name="Writables">
		<items>
			<item fromid="1947" toid="1986"/>
			<item id="2345"/>
			<item id="2347"/>
			<item id="2597"/>
			<item id="2598"/>
			<item id="2599"/>
			<item id="2175"/>
			<item id="2217"/>
		</items>
	</tileset>
	
	<tileset name="Food">
		<items>
			<item id="2666"/>
			<item fromid="2667" toid="2679"/>
		</items>
	</tileset>
	
	<tileset name="Trash">
		<doodad>
			<brush name="broken bottles"/>
			<brush name="rotten food"/>
			<brush name="rubbish"/>
			<brush name="bones"/>
			<item id="2236"/>
			<item id="2237"/>
			<item id="2238"/>
			<brush name="leaves"/>
			<brush name="wooden trash"/>
			<brush name="metal trash"/>
		</doodad>
	</tileset>

	<tileset name="Runes">
		<items>
			<item fromid="2260" toid="2316"/>
		</items>
	</tileset>

	<tileset name="Corpses">
		<doodad>
			<item id="2317"/>
			<item fromid="2806" toid="3134"/>
		</doodad>
	</tileset>
	
	<tileset name="Stairs / Ramps / Ladders">
		<raw>
			<!-- Holes -->
			<item fromid="383" toid="385"/>
			<item fromid="392"/>
			<item fromid="418"/>
			<item fromid="468" toid="470"/>
			<item fromid="481" toid="485"/>
			<item fromid="489"/>
			
			<!-- Stairs / Ladder Down -->
			<item fromid="369" toid="370"/>
			<item fromid="408"/>
			<item fromid="409"/>
			<item fromid="410" toid="411"/>
			<item fromid="423"/>
			<item fromid="427" toid="429"/>
			<item fromid="432" toid="433"/>
			
			<!-- Other -->
			<item fromid="430"/>
			<item fromid="461" toid="462"/>
			<item fromid="475" toid="476"/>
			<item fromid="479" toid="480"/>
			<item fromid="924"/>
			
			<!-- Ladders -->
			<item fromid="1386"/>
			
			<!-- Stairs -->
			<item fromid="1385"/>
			<item fromid="1396"/>
		</raw>
	</tileset>
</materials>
