<materialsextension name="Beach Doodads" author="Remere" description="This adds all the doodads related to the beach" client="8.10;8.20 - 8.31"> 
	
	<brush name="blue beach chair" type="doodad" server_lookid="7712" draggable="true" on_blocking="true" thickness="10/10">
		<alternate> <item id="7712" chance="30"/> </alternate> -- south --
		<alternate> <item id="7713" chance="30"/> </alternate> -- east --
	</brush>
	
	<brush name="striped beach chair" type="doodad" server_lookid="7714" draggable="true" on_blocking="true" thickness="10/10">
		<alternate> <item id="7714" chance="30"/> </alternate> -- south --
		<alternate> <item id="7715" chance="30"/> </alternate> -- east --
	</brush>
	
	<brush name="blue beach parasol" type="doodad" server_lookid="7716" draggable="true" on_blocking="true" thickness="10/10">
		<item id="7716" chance="30"/>
	</brush>
	
	<brush name="pink beach parasol" type="doodad" server_lookid="7717" draggable="true" on_blocking="true" thickness="10/10">
		<item id="7717" chance="30"/>
	</brush>
	
	<brush name="red beach parasol" type="doodad" server_lookid="7718" draggable="true" on_blocking="true" thickness="10/10">
		<item id="7718" chance="30"/>
	</brush>
	
	<brush name="beach ball" type="doodad" server_lookid="7711" draggable="true" on_blocking="true" thickness="10/10">
		<item id="7711" chance="30"/>
	</brush>
	
	<brush name="water fence" type="wall" server_lookid="7577">
		<wall type="pole">               <item id="7575" chance="1"/> </wall>
		<wall type="horizontal">         <item id="7577" chance="1"/> </wall>
		<wall type="vertical">           <item id="7576" chance="1"/> </wall>
		<wall type="northeast diagonal"> <item id="7580" chance="1"/> </wall>
		<wall type="northwest diagonal"> <item id="7581" chance="1"/> </wall>
		<wall type="southeast diagonal"> <item id="7578" chance="1"/> </wall>
		<wall type="southwest diagonal"> <item id="7579" chance="1"/> </wall>
		<wall type="intersection">       <item id="7575" chance="1"/> </wall>
		<wall type="north T">            <item id="7575" chance="1"/> </wall>
		<wall type="south T">            <item id="7575" chance="1"/> </wall>
		<wall type="east T">             <item id="7575" chance="1"/> </wall>
		<wall type="west T">             <item id="7575" chance="1"/> </wall>
		<wall type="north end">          <item id="7575" chance="1"/> </wall>
		<wall type="south end">          <item id="7575" chance="1"/> </wall>
		<wall type="east end">           <item id="7575" chance="1"/> </wall>
		<wall type="west end">           <item id="7575" chance="1"/> </wall>
	</brush>

	<brush name="water buoy" type="doodad" server_lookid="7575" draggable="true" on_blocking="true" thickness="100/100">
		<item id="7575" chance="1"/>
	</brush>
	
    <tileset name="Exterior"> 
        <doodad>
			<brush name="blue beach chair"/>
			<brush name="striped beach chair"/>
			<brush name="blue beach parasol"/>
			<brush name="pink beach parasol"/>
			<brush name="red beach parasol"/>
			<brush name="beach ball"/>
			<brush name="water fence"/>
			<brush name="water buoy"/>
        </doodad> 
		<raw>
			<item fromid="7711" toid="7718"/>
			<item fromid="7575" toid="7581"/>
		</raw>
    </tileset> 
</materialsextension>