<materialsextension
	name="New Walls"
	author="Bobany"
	description="Additional walls"
	client="8.10;8.20 - 8.31">

	<brush name="frozen wall" type="wall" server_lookid="6740">
		<wall type="horizontal">
			<item id="6740" chance="500"/>
			<door id="7033" type="normal" open="false"/>
			<door id="7035" type="normal" open="true"/>
			<door id="7036" type="locked" open="false"/>
			<door id="7037" type="locked" open="true"/>
			<door id="7038" type="quest" open="false"/>
			<door id="7039" type="quest" open="true"/>
			<door id="7040" type="magic" open="false"/>
			<door id="7041" type="magic" open="true"/>
			<door id="7029" type="hatch_window" open="false"/>
			<door id="7031" type="hatch_window" open="true"/>
			<door id="7031" type="window"/>
		</wall>
		<wall type="vertical">
			<item id="6739" chance="400"/>
			<door id="7042" type="normal" open="false"/>
			<door id="7044" type="normal" open="true"/>
			<door id="7045" type="locked" open="false"/>
			<door id="7046" type="locked" open="true"/>
			<door id="7047" type="quest" open="false"/>
			<door id="7048" type="quest" open="true"/>
			<door id="7049" type="magic" open="false"/>
			<door id="7050" type="magic" open="true"/>
			<door id="7030" type="hatch_window" open="false"/>
			<door id="7032" type="hatch_window" open="true"/>
			<door id="7032" type="window"/>
		</wall>
		<wall type="corner">
			<item id="6743" chance="1000"/>
		</wall>
		<wall type="pole">
			<item id="6741" chance="1000"/>
		</wall>
	</brush>

	<brush name="wooden railing" type="wall" server_lookid="5315">
		<wall type="horizontal">
			<item id="5315" chance="500"/>
			<door id="5318" type="normal" open="false"/>
		</wall>
		<wall type="vertical">
			<item id="5316" chance="400"/>
			<door id="5319" type="normal" open="false"/>
		</wall>
		<wall type="corner">
			<item id="5317" chance="1000"/>
			<door id="5320" type="normal" open="false"/>
		</wall>
		<wall type="pole">
			<item id="5521" chance="1000"/>
			<door id="5324" type="normal" open="false"/>
		</wall>
	</brush>


	<brush name="ice railing" type="wall" server_lookid="6956">
		<wall type="horizontal">
			<item id="6956" chance="500"/>
		</wall>
		<wall type="vertical">
			<item id="6964" chance="400"/>
		</wall>
		<wall type="corner">
			<item id="6955" chance="1000"/>
		</wall>
		<wall type="pole">
			<item id="6953" chance="1000"/>
		</wall>
	</brush>

	<brush name="white tent wall" type="wall" server_lookid="7617">
		<wall type="horizontal">
			<item id="7593" chance="500"/>
		</wall>
		<wall type="vertical">
			<item id="7592" chance="400"/>
		</wall>
		<wall type="corner">
			<item id="7617" chance="1000"/>
		</wall>
		<wall type="pole">
			<item id="7600" chance="1000"/>
		</wall>
	</brush>

	<brush name="colored tent wall" type="wall" server_lookid="7619">
		<wall type="horizontal">
			<item id="7595" chance="500"/>
		</wall>
		<wall type="vertical">
			<item id="7594" chance="400"/>
		</wall>
		<wall type="corner">
			<item id="7619" chance="1000"/>
		</wall>
		<wall type="pole">
			<item id="9060" chance="500"/>
		</wall>
		
		<friend name="white tent wall" redirect="true"/>
	</brush>

	<brush name="fishes" type="doodad" server_lookid="6984" draggable="true" on_blocking="true" thickness="60/100">
		<alternate>
			<item id="6984" chance="10"/> 
		</alternate>
		<alternate>
			<item id="6985" chance="10"/> 
		</alternate>
	</brush>

	<brush name="thorn bush" type="wall" server_lookid="3996">
		<wall type="pole">               
			<item id="3999" chance="1"/>
		</wall>
		<wall type="horizontal">
			<item id="4001" chance="1"/>
		</wall>
		<wall type="vertical">
			<item id="4000" chance="1"/>
		</wall>
		<wall type="south end">          <item id="4004" chance="1"/> </wall>
		<wall type="east end">           <item id="4005" chance="1"/> </wall>
		<wall type="north end">          <item id="3994" chance="1"/> </wall>
		<wall type="west end">           <item id="3995" chance="1"/> </wall>
		<wall type="northeast diagonal"> <item id="3998" chance="1"/> </wall>
		<wall type="northwest diagonal"> <item id="3999" chance="1"/> </wall>
		<wall type="southeast diagonal"> <item id="3996" chance="1"/> </wall>
		<wall type="southwest diagonal"> <item id="3997" chance="1"/> </wall>
	</brush>

	<tileset name="Town">
		<terrain>
			<brush name="wooden railing" after="dark fence"/>
		</terrain>
	</tileset> 
	
	<tileset name="Snow">
		<terrain>
			<brush name="frozen wall"/>
			<brush name="ice railing"/>
		</terrain>
	</tileset> 
	
	<tileset name="Exterior">
		<doodad>
			<brush name="white tent wall" after="garish striped tent"/>
			<brush name="colored tent wall" after="garish striped tent"/>

			<brush name="fishes"/>
		</doodad>
	</tileset>
	
	<tileset name="Nature">
		<doodad>
			<brush name="thorn bush"/>
		</doodad>
	</tileset>

</materialsextension>