<materialsextension name="Smithing" author="SADZA" description="This adds Smithing sprites from 8.20" client="8.20">	

	<brush name="gutter" type="wall" server_lookid="8661">
		<wall type="pole">               <item id="8661" chance="1"/> </wall>
		<wall type="horizontal">         <item id="8661" chance="1"/> </wall>
		<wall type="vertical">           <item id="8662" chance="1"/> </wall>
		<wall type="south end">          <item id="8655" chance="1"/> </wall>
		<wall type="east end">           <item id="8656" chance="1"/> </wall>
		<wall type="north end">          <item id="8653" chance="1"/> </wall>
		<wall type="west end">           <item id="8654" chance="1"/> </wall>
		<wall type="northeast diagonal"> <item id="8659" chance="1"/> </wall>
		<wall type="northwest diagonal"> <item id="8660" chance="1"/> </wall>
		<wall type="southeast diagonal"> <item id="8657" chance="1"/> </wall>
		<wall type="southwest diagonal"> <item id="8658" chance="1"/> </wall>
		<wall type="untouchable">        <item id="8646" chance="1"/> </wall>
	</brush>
	
	<brush name="tub" type="doodad" server_lookid="8647" draggable="true" on_blocking="true" thickness="100/100">
		<composite chance="10">
			<tile x="0" y="0"> <item id="8646"/> </tile>
			<tile x="1" y="1"> <item id="8648"/> </tile>
			<tile x="0" y="1"> <item id="8647"/> </tile>
		</composite>
	</brush>
	
	<brush name="bellows" type="doodad" server_lookid="8670" draggable="true" on_blocking="true" thickness="10/10">
		<alternate> <item id="8670" chance="30"/> </alternate>
		<alternate> <item id="8669" chance="30"/> </alternate>
	</brush>

	<brush name="bolts (fire)" type="doodad" server_lookid="8672" draggable="true" on_blocking="true" thickness="100/100">
		<alternate> -- south --
			<composite chance="10">
				<tile x="0" y="0"> <item id="8674"/> </tile>
				<tile x="0" y="1"> <item id="8672"/> </tile>
			</composite>
		</alternate>
		<alternate> -- east --
			<composite chance="10">
				<tile x="0" y="0"> <item id="8675"/> </tile>
				<tile x="1" y="0"> <item id="8673"/> </tile>
			</composite>
		</alternate>
	</brush>
	
	<brush name="stove (fire)" type="doodad" server_lookid="8688" draggable="true" on_blocking="true" thickness="10/10">
		<alternate> <item id="8688" chance="30"/> </alternate>
		<alternate> <item id="8690" chance="30"/> </alternate>
	</brush>
	
	<brush name="stove" type="doodad" server_lookid="8689" draggable="true" on_blocking="true" thickness="10/10">
		<alternate> <item id="8689" chance="30"/> </alternate>
		<alternate> <item id="8691" chance="30"/> </alternate>
	</brush>
	
	<brush name="bolts" type="doodad" server_lookid="8676" draggable="true" on_blocking="true" thickness="10/10">
		<alternate> <item id="8676" chance="30"/> </alternate>
		<alternate> <item id="8677" chance="30"/> </alternate>
	</brush>
	
	<brush name="gutter (fire)" type="wall" server_lookid="8667">
		<wall type="pole">               <item id="8667" chance="1"/> </wall>
		<wall type="horizontal">         <item id="8667" chance="1"/> </wall>
		<wall type="vertical">           <item id="8668" chance="1"/> </wall>
		<wall type="south end">          <item id="8651" chance="1"/> </wall>
		<wall type="east end">           <item id="8652" chance="1"/> </wall>
		<wall type="north end">          <item id="8649" chance="1"/> </wall>
		<wall type="west end">           <item id="8650" chance="1"/> </wall>
		<wall type="northeast diagonal"> <item id="8665" chance="1"/> </wall>
		<wall type="northwest diagonal"> <item id="8666" chance="1"/> </wall>
		<wall type="southeast diagonal"> <item id="8663" chance="1"/> </wall>
		<wall type="southwest diagonal"> <item id="8664" chance="1"/> </wall>
		<wall type="untouchable">        <item id="8645" chance="1"/> </wall>
	</brush>
	
	<brush name="tub (fire)" type="doodad" server_lookid="8645" draggable="true" on_blocking="true" thickness="100/100">
		<composite chance="10">
			<tile x="0" y="0"> <item id="8645"/> </tile>
			<tile x="1" y="1"> <item id="8644"/> </tile>
			<tile x="0" y="1"> <item id="8643"/> </tile>
		</composite>
	</brush>
	
	<tileset name="Smithing">
		<doodad>
			<brush name="gutter (fire)"/>
			<brush name="tub (fire)"/>
			<item id="8641"/>
			<brush name="bolts (fire)"/>
			<brush name="gutter"/>
			<brush name="tub"/>
			<brush name="bolts"/>
			<item id="8642"/>
			<brush name="bellows"/>
			<item id="8671"/>
			<brush name="stove (fire)"/>
			<brush name="stove"/>
		</doodad>
	</tileset>
</materialsextension>